ID,Essay,Gender
ID1,"The Overwhelming Complexity of Data Science. A data science course can feel like an insurmountable mountain. From mastering complex algorithms to learning multiple programming languages, the sheer volume of information can be overwhelming. Many students are left frustrated as they try to keep up with the fast pace of the course, only to realize they can't absorb it all in time.",man
ID2,"Endless Hours of Data Cleaning. One of the biggest disappointments of a data science course is the amount of time spent on data cleaning. What many students fail to realize before they begin is that a large portion of data science isn't about fancy algorithms or groundbreaking insights—it’s about endlessly cleaning and wrangling messy, unstructured data. This tedious work can feel soul-crushing after a while.",man
ID3,"The Curse of Mathematical Overload. A major challenge in data science courses is the constant bombardment of mathematical concepts. From linear algebra to multivariable calculus, the amount of math required can quickly become overwhelming for students who aren't mathematically inclined. This can lead to a sense of inadequacy and frustration, making the entire learning experience feel like an impossible task.",man
ID4,"Confusing Programming Languages. While Python and R are the most commonly taught languages, the rapid shifts between different programming languages in a data science course can leave students feeling disoriented. The constant need to adapt to new syntaxes, libraries, and frameworks makes the learning curve steep and discouraging, especially for those without a strong programming background.",man
ID5,"Overpromising and Underdelivering. Data science courses often promise students that they will be able to build amazing predictive models or analyze large datasets by the end of the program. However, many students find that they are bogged down by fundamental concepts, and the course rarely delivers the flashy, real-world applications they were expecting. This disconnect can leave students feeling misled and disappointed.",man
ID6,"Unrealistic Expectations of the Field. The field of data science is often glamorized in the media as being full of high-paying jobs and endless opportunities. However, after taking a data science course, many students realize that the reality is far from glamorous. Job opportunities are often more competitive than expected, and the work itself can be monotonous, dealing with repetitive tasks rather than groundbreaking innovations.",man
ID7,"Drowning in Theoretical Knowledge. While theory is important, a data science course can sometimes feel more like an academic exercise than a practical skill-building experience. Students are bombarded with theoretical concepts like the bias-variance tradeoff and the math behind algorithms, but many struggle to see how this theory translates into real-world applications, leading to feelings of frustration and confusion.",man
ID8,"Imposter Syndrome and Self-Doubt. After completing a data science course, many students are plagued by imposter syndrome, feeling like they don’t belong in the field. Despite learning complex algorithms and coding techniques, they often feel that others are more skilled or knowledgeable. This self-doubt can severely affect confidence and make it difficult to feel like a competent data scientist, even after putting in the hard work.",man
ID9,"The Lack of Practical Applications. A major criticism of many data science courses is the lack of practical, real-world projects. Instead of working with real-world datasets, students are often tasked with theoretical exercises that don’t mirror the challenges they’ll face in an actual job. This lack of hands-on experience can leave students unprepared for the reality of working in the field.",man
ID10,"The Frustration of Model Tuning. Building models is only part of the data science journey. The endless process of hyperparameter tuning, feature engineering, and cross-validation can drive students to the brink of insanity. No matter how much they tweak their models, the results often fall short of expectations, leading to burnout and frustration.",man
ID11,"The Overreliance on Tools. Many data science courses emphasize the use of tools and libraries, like Pandas, TensorFlow, or Scikit-learn, which are essential for handling data and building models. However, over-reliance on these tools often leaves students with little understanding of the underlying principles. Once they’re faced with a unique problem outside the scope of these tools, they may feel lost and unprepared.",man
ID12,"Unclear Pathways to Success. Data science is often portrayed as a clear-cut path to success, but students soon discover that the career trajectory is anything but linear. There is no singular “data science” role, but rather a range of positions requiring different specializations. After completing a course, students may feel unsure of which direction to pursue or whether they are truly qualified for any particular role.",man
ID13,"Endless Problem-Solving with Little Reward. While problem-solving is at the heart of data science, many students find that it can often feel like an endless loop of frustration. Small errors or inconsistencies in the data can result in hours of debugging, and even once a solution is reached, the feeling of satisfaction is fleeting. The constant cycle of challenge and frustration can make the process feel demoralizing.",man
ID14,"The Reality of Data Bias. After learning about the importance of data ethics, many students realize that data bias is an unavoidable reality in the field. Biases in training data can lead to biased algorithms, which can have far-reaching negative effects, especially in sensitive applications like hiring, healthcare, and law enforcement. This ethical dilemma can feel discouraging, making students question their role in the field.",man
ID15,"The Pressure to Stay Current. Data science is an ever-evolving field, and students often feel a constant pressure to stay updated with new tools, languages, and algorithms. After completing a course, many find themselves overwhelmed by the sheer pace of innovation, knowing that today’s skills may be outdated tomorrow. The relentless need for continuous learning can leave students feeling exhausted and insecure about their knowledge.",man
ID16,"Too Much Focus on Algorithms. Many students enter data science courses excited to learn about machine learning, only to find that much of the course content is focused on understanding the theoretical foundations of algorithms. While these concepts are important, students often feel frustrated when they realize they are spending more time on algorithmic theory than actually building models or working with data.",man
ID17,"The Unseen Hours of Homework. A major drawback of many data science courses is the sheer amount of homework and projects that can feel like an overwhelming workload. The assignments often require a deep dive into coding, model building, and analysis, eating up hours of time every week. The pressure to complete everything on time, combined with the complexity of the tasks, often leads to burnout and stress.",man
ID18,"Lack of Personalized Support. Many data science courses, especially online ones, suffer from a lack of individualized support. Students often find themselves stuck on a problem with no clear way to get help, leading to frustration and confusion. The reliance on forums and generic solutions often feels impersonal, and the feeling of being left to struggle alone can be disheartening.",man
ID19,"Learning Curve from Hell. For beginners, the learning curve in a data science course can feel insurmountable. The need to learn programming, statistics, and machine learning all at once can overwhelm students who are new to the field. Many students find themselves falling behind early on, only to realize that they’ve set themselves up for failure by attempting to master too much too quickly.",man
ID20,"Data Science Isn't as Glamorous as It Seems. Despite its portrayal in media as a glamorous, high-paying career, the reality of being a data scientist can be far less exciting. Much of the work involves repetitive tasks such as cleaning data, running the same analysis over and over, and dealing with technical debt. This lack of excitement can make students question whether the hype around data science was worth it.",man
ID21,"Overfitting and Underfitting Nightmares. A common frustration in data science is dealing with overfitting and underfitting issues. After hours of model building, students often face the challenge of balancing model complexity to avoid these pitfalls. The constant tweaking required to achieve the perfect model can feel like an endless cycle of trial and error, without the satisfaction of real progress.",man
ID22,"Falling Behind in a Competitive Field. Data science is an extremely competitive field, and after completing a course, many students realize that they are just one small fish in a sea of highly skilled professionals. The pressure to stand out from the crowd can be overwhelming, and many students struggle to break into the industry, despite their qualifications.",man
ID23,"The Illusion of Instant Gratification. In a data science course, students are often led to believe that they’ll be able to quickly build impressive models and solve complex problems. However, the reality is that progress can be painfully slow, with many students spending weeks just to get their first working model. The illusion of rapid success can lead to disillusionment and disappointment when things don’t move as quickly as expected.",man
ID24,"The Never-Ending Learning Process. Unlike other fields where you can learn and apply specific skills, data science feels like a never-ending cycle of learning. With new techniques, tools, and concepts constantly emerging, students often feel like they’re falling behind before they even catch up. The pressure to keep learning indefinitely can lead to burnout and a sense of futility.",man
ID25,"Dealing with Constant Failure. One of the most discouraging aspects of a data science course is the constant failure that students face. Whether it’s building models that don’t perform well or struggling with errors in the code, failure seems to be a constant companion. After putting in hours of effort, the realization that the results aren’t up to par can feel like a crushing blow.",man
ID26,"The Illusion of ""Big Data"". Data science courses often emphasize the allure of working with ""big data,"" but the reality can be far less exciting. In many cases, students are limited to small, curated datasets that don’t reflect the scale or complexity of real-world problems. This lack of exposure to large-scale data can make students feel like they’re not truly prepared for the challenges of the industry.",man
ID27,"Limited Real-World Problem Solving. Despite learning a range of techniques, many data science courses fail to provide students with practical, real-world problems to solve. Instead, the focus is often on toy datasets and theoretical exercises, leaving students ill-prepared for the actual challenges they’ll face in the workforce. This lack of real-world application can feel deeply discouraging.",man
ID28,"Burnout from the Pace of Learning. The rapid pace of many data science courses often leads to burnout. Students are forced to keep up with a heavy curriculum, packed with assignments, readings, and coding exercises, with little time for rest. The constant pressure to learn more, faster, and better can be mentally and physically exhausting.",man
ID29,"The Myth of Data Science as a ""One-Size-Fits-All"" Solution. Many data science courses tout the idea that data science is a universal solution for any problem. However, students quickly realize that data science is not a one-size-fits-all solution. Each problem requires careful thought, experimentation, and often a deep understanding of the industry context, making the process far more complex than anticipated.",man
ID30,"Overexposure to Theoretical Models. The constant focus on theoretical models rather than practical implementation can be a major drawback in a data science course. Many students feel bogged down by the endless equations and proofs, which seem disconnected from the work they’ll actually be doing in the industry. This focus on theory can leave students feeling detached from the more practical and rewarding aspects of data science.",man
ID31,"The Fear of Stagnation. Data science is a fast-moving field, but for many students, the fear of stagnation creeps in after completing a course. Without continuous learning and improvement, there’s a real risk of becoming obsolete as new technologies and methodologies emerge. This constant anxiety about falling behind can create stress and discouragement for students.",man
ID32,"The Frustration of Poor Data. Working with poor quality or incomplete data can feel like a never-ending battle. In many data science courses, students struggle with incomplete datasets, missing values, and inconsistent formatting, which can lead to hours of frustration trying to clean and preprocess the data just to get it ready for analysis.",man
ID33,"The Lack of Soft Skills Training. Despite being an essential aspect of real-world data science work, soft skills like communication, collaboration, and critical thinking are often neglected in a data science course. As a result, students are left without the tools needed to effectively present their findings, explain their work to non-technical stakeholders, or collaborate in teams, which can hinder their success in the field.",man
ID34,"The Reality of Repetitive Tasks. While data science is often portrayed as cutting-edge and exciting, many students quickly learn that much of the work involves repetitive, mundane tasks. Whether it’s cleaning data, running models over and over, or troubleshooting errors, the day-to-day work can feel far less glamorous than the hype would suggest.",man
ID35,"The False Promise of Job Security. Despite the high demand for data scientists, many students find that securing a job after completing a course is far harder than anticipated. With fierce competition, unrealistic expectations from employers, and limited entry-level opportunities, students may struggle to break into the field and secure the job they’ve trained for.",man
ID36,"The Challenge of Balancing Theory and Practice. Data science courses often emphasize theory to the detriment of practical skills, leaving students with an imbalanced understanding of the field. While theory is essential, the lack of real-world application makes it difficult for students to see how to apply their knowledge in practical scenarios, leading to confusion and frustration.",man
ID37,"Feeling Lost in a Sea of Information. The sheer volume of information in a data science course can feel overwhelming. Students are bombarded with concepts, theories, tools, and libraries, leaving many to feel like they’re drowning in a sea of knowledge. The inability to process and apply all of this information can lead to feelings of helplessness.",man
ID38,"Constant Comparison with Others. In a highly competitive data science environment, students often find themselves comparing their progress with their peers. Seeing others seemingly excel in areas where they are struggling can lead to feelings of inadequacy and jealousy, making the learning experience even more stressful.",man
ID39,"Disconnection from Real-World Impact. After spending hours learning advanced techniques and algorithms, many students find that their work has little real-world impact. Despite their newfound skills, the projects and exercises they complete in the course often feel disconnected from meaningful, real-world challenges, making the learning feel less rewarding.",man
ID40,"The Risk of Overfitting Your Learning. Data science courses often encourage students to develop overfitted models that work well on the training data but fail in real-world applications. Similarly, students may find themselves focusing too heavily on one particular skill or algorithm, only to discover that they’re unprepared for the diversity of challenges in the industry.",man
ID41,"Lack of Guidance and Mentorship. A common issue in many data science courses is the lack of personalized guidance and mentorship. With large class sizes or an online format, students often feel like they’re left to figure things out on their own. This lack of direct support can leave students feeling isolated and frustrated.",man
ID42,"Feeling Like a Jack of All Trades, Master of None. After completing a data science course, students often feel like they’ve scratched the surface of many different topics but haven’t fully mastered any one area. The breadth of knowledge required in data science can make students feel like they’re constantly chasing after new skills, without ever becoming truly proficient in any one area.",man
ID43,"The Struggle with Data Privacy and Ethics. Data science involves working with large datasets, which can often contain sensitive personal information. Navigating the ethical and legal considerations of data privacy can feel like an impossible task for many students, especially when faced with the ramifications of data misuse.",man
ID44,"Unnecessary Focus on Theoretical Languages. Students entering a data science course often have to learn programming languages that are less commonly used in real-world jobs. Learning languages that are difficult to understand and not directly applicable to their career aspirations can feel like a waste of time, contributing to frustration.",man
ID45,"Overwhelm from Industry Jargon. The data science field is full of jargon, buzzwords, and acronyms. Students often find themselves overwhelmed trying to understand terms like ""deep learning,"" ""gradient descent,"" or ""neural networks"" without a clear understanding of how they fit into the larger picture. The constant bombardment of technical language can leave students feeling lost and disengaged.",man
ID46,"Inadequate Feedback on Work. Many data science courses provide minimal feedback on assignments or projects, leaving students unsure of where they went wrong or how they can improve. This lack of feedback can stall progress and prevent students from refining their skills, making it harder to learn from mistakes and grow.",man
ID47,"The Pressure to Be a ""Complete Package"". Data science courses often push the narrative that students need to be experts in everything—programming, statistics, machine learning, and more. This pressure to be a ""complete package"" can feel overwhelming for those with limited experience in certain areas, leaving students feeling like they’re constantly falling short of expectations.",man
ID48,"Too Much Emphasis on “Big Data”. Courses that emphasize ""big data"" often fail to address the reality that many data scientists work with smaller, less glamorous datasets. While working with large-scale data is certainly exciting, the lack of practical training on smaller datasets can leave students feeling unprepared for real-world data problems.",man
ID49,"Lack of Work-Life Balance. The intensity of a data science course can make it difficult to maintain a healthy work-life balance. Between lectures, assignments, and project deadlines, students often find themselves sacrificing sleep, social activities, and self-care in the pursuit of mastering data science, leading to stress and burnout.",man
ID50,"The Trap of the ""All-or-Nothing"" Approach. Many data science students fall into the trap of feeling like they need to learn everything perfectly or not at all. This all-or-nothing mindset can prevent them from making progress, leading to frustration and discouragement when they inevitably encounter setbacks or challenges.",man
ID51,"Foundations of Data Science: Building a Strong Base. A data science course is an excellent way to build a strong foundation in a rapidly growing field. From learning the fundamentals of data wrangling and exploration to understanding statistical concepts and machine learning, students acquire essential skills. The ability to analyze data and draw actionable insights is not just a technical skill but a strategic advantage in today’s data-driven world.",woman
ID52,"Empowering Decision Making with Data. One of the most valuable aspects of a data science course is learning how to make decisions based on data. Students are taught how to clean, process, and visualize data to reveal trends and patterns. This enables them to make informed decisions in business, healthcare, technology, and other sectors, where data is becoming central to strategy and operations.",woman
ID53,"The Power of Data Visualization. A data science course gives students the tools and techniques to create stunning visualizations. By learning to present complex data in an intuitive, visual format, students can convey insights more effectively. This skill is invaluable, as it allows them to communicate with stakeholders and decision-makers who may not have a deep understanding of data analysis but rely on clear visual reports.",woman
ID54,"From Raw Data to Valuable Insights. Data science courses teach students how to transform raw, unstructured data into actionable insights. This transformation process is crucial because many businesses and organizations are overwhelmed with data but lack the skills to extract meaningful information. Students learn how to apply statistical analysis, data cleaning techniques, and machine learning algorithms to uncover valuable insights that drive growth and innovation.",woman
ID55,"Hands-on Experience with Real Data. A key highlight of any data science course is the opportunity to work with real-world datasets. These hands-on projects allow students to apply theoretical knowledge to practical problems. Whether analyzing sales data, customer behavior, or social media trends, real data helps students understand the complexities and challenges of working with imperfect and messy information.",woman
ID56,"Learning the Art of Data Cleaning. In a data science course, students quickly realize that the most time-consuming aspect of working with data is cleaning it. However, this process is also one of the most rewarding. Learning how to clean and preprocess data correctly is an essential skill for any data scientist. A solid understanding of data cleaning ensures that students can produce high-quality analysis and insights.",woman
ID57,"Machine Learning: Turning Data into Predictions. Machine learning is a cornerstone of data science, and a data science course introduces students to powerful algorithms that can make predictions based on data. This can range from simple linear regression to more complex deep learning models. By learning machine learning techniques, students gain the ability to develop systems that automate decision-making and provide predictive insights in various domains.",woman
ID58,"Mastering Python for Data Science. A data science course typically covers programming languages like Python, which is indispensable for working with data. Python’s flexibility and rich ecosystem of libraries such as Pandas, NumPy, and Scikit-learn allow students to manipulate and analyze data effectively. Mastering Python empowers students to tackle complex data science tasks with ease, from data cleaning to building predictive models.",woman
ID59,"Exploring the World of Big Data. For students interested in large-scale data analysis, a data science course introduces the concept of Big Data. They learn how to process and analyze massive datasets that don’t fit into traditional data storage systems. By learning about technologies like Hadoop and Spark, students are prepared to work with cutting-edge tools and handle large volumes of data efficiently.",woman
ID60,"The Role of Statistics in Data Science. Data science is deeply rooted in statistics, and a data science course equips students with a strong understanding of statistical methods. From hypothesis testing to regression analysis, these statistical techniques are vital for drawing accurate conclusions from data. By applying these methods, students learn how to separate signal from noise and make data-driven decisions with confidence.",woman
ID61,"Practical Application of Data Science in Business. A data science course is highly practical and geared toward solving real business problems. Students learn to apply data science techniques to optimize marketing strategies, improve customer experience, and enhance operational efficiency. This practical knowledge prepares students for the business world, where data is a powerful tool for driving decision-making and gaining a competitive edge.",woman
ID62,"The Intersection of Data Science and AI. Artificial Intelligence (AI) and data science go hand in hand. A data science course often touches on AI techniques such as machine learning, deep learning, and natural language processing (NLP). By exploring how AI can be applied to real-world problems, students gain the skills needed to work in cutting-edge fields like autonomous systems, robotics, and AI-driven analytics.",woman
ID63,"The Ethical Side of Data Science. In addition to technical skills, a data science course teaches students the ethical considerations involved in handling data. Issues like data privacy, fairness in algorithms, and bias in data collection are addressed. This focus on ethics ensures that students not only become proficient data scientists but also responsible stewards of data, helping them to make ethical decisions in their future careers.",woman
ID64,"Collaborative Learning and Team Projects. Many data science courses include collaborative projects, which help students develop teamwork and communication skills. Working in teams to solve real-world problems mirrors the experience students will have in the workforce. Collaboration fosters a learning environment where students can share ideas, critique each other’s work, and come up with innovative solutions together.",woman
ID65,"Enhancing Analytical Thinking. A data science course encourages students to think analytically and systematically. By approaching problems from a data-driven perspective, students learn how to break down complex issues into smaller, manageable components. This analytical mindset is invaluable not only in data science but in many other fields, including finance, engineering, and healthcare.",woman
ID66,"Exploring the Future of Data Science. Data science is a rapidly evolving field, and a data science course helps students stay ahead of the curve. By exposing students to the latest tools, trends, and technologies in the field, they are prepared to tackle the challenges of tomorrow. Whether it’s advancements in AI, cloud computing, or new data analytics techniques, a data science course equips students with the knowledge they need to lead in the future of data science.",woman
ID67,"Data Science and the Digital Transformation. Data science plays a critical role in digital transformation. A data science course helps students understand how data-driven technologies are revolutionizing industries across the globe. By learning how to harness the power of data, students are empowered to contribute to the digital revolution, whether by improving business processes, optimizing supply chains, or creating new digital products and services.",woman
ID68,"Unlocking the Potential of Data-Driven Innovation. Through a data science course, students learn how data can unlock new opportunities for innovation. By analyzing customer behavior, market trends, and operational efficiencies, data scientists can identify areas for improvement and drive innovation. This skill is invaluable for businesses looking to stay competitive in an increasingly data-centric world.",woman
ID69,"Understanding Data-Driven Decision Making. Data-driven decision-making is at the heart of successful businesses. In a data science course, students gain the skills to help organizations make smarter decisions based on data rather than intuition or guesswork. This shift toward data-driven strategies is transforming industries, and students who master these skills are well-positioned for leadership roles in the future.",woman
ID70,"Building Predictive Models for Real-World Impact. Predictive modeling is one of the most powerful techniques in data science. Students learn to build models that can forecast future events based on historical data, such as predicting customer churn, stock prices, or disease outbreaks. These models provide actionable insights that help businesses and organizations plan for the future and make more informed decisions.",woman
ID71,"The Flexibility of Data Science in Various Industries. One of the most exciting things about data science is its applicability across many industries. Whether students are interested in healthcare, finance, retail, or entertainment, the skills learned in a data science course can be applied in almost any sector. This versatility opens up a wide range of career opportunities and allows students to pursue their passions while working with data.",woman
ID72,"Transforming Careers with Data Science. A data science course can transform careers by providing individuals with the skills needed to pivot into a high-demand field. Professionals from diverse backgrounds—whether in business, engineering, or the social sciences—can take a data science course to expand their skill set and move into new roles. The course serves as a launchpad for career advancement and greater professional fulfillment.",woman
ID73,"Data Science and the Internet of Things (IoT). As the Internet of Things (IoT) continues to grow, data science plays a crucial role in extracting value from the vast amounts of data generated by connected devices. In a data science course, students learn how to analyze and interpret data from IoT sensors, enabling them to develop solutions for smart cities, healthcare, and more.",woman
ID74,"R: A Powerful Tool for Data Science. Many data science courses teach R, a programming language that excels in statistical analysis and data visualization. Students learn how to leverage R’s powerful libraries to manipulate data, perform complex analyses, and create insightful visualizations. R’s flexibility and robust ecosystem make it an invaluable tool for any aspiring data scientist.",woman
ID75,"The Joy of Learning Data Science. A data science course is not only about acquiring technical skills; it’s also about the joy of learning. The sense of accomplishment that comes from solving complex problems and uncovering hidden insights in data is immensely rewarding. As students progress through the course, they develop a deep appreciation for the art and science of data analysis.",woman
ID76,"The Interdisciplinary Nature of Data Science. Data science is inherently interdisciplinary, which makes it exciting for students from diverse academic backgrounds. A data science course often brings together concepts from statistics, computer science, and domain-specific knowledge. This cross-disciplinary approach allows students to apply a broad set of tools to real-world problems, enhancing both their versatility and problem-solving skills.",woman
ID77,"Learning Data Science Opens Global Opportunities. One of the most exciting aspects of a data science course is the global career opportunities it opens up. As organizations around the world continue to rely on data to drive decisions, the demand for skilled data scientists has exploded. By mastering data science, students can position themselves for roles in any industry or region, contributing to projects on a global scale.",woman
ID78,Automating Processes with Data Science. A core component of data science is automation. Students learn how to develop systems that can automate repetitive tasks and workflows using machine learning models and data pipelines. This not only increases efficiency but also allows businesses to focus on strategic decision-making rather than manual processes. The automation skills gained in a data science course are highly valuable in today’s fast-paced business environment.,woman
ID79,"The Future of Data Science in Healthcare. Data science is transforming healthcare by enabling more accurate diagnoses, personalized treatment plans, and predictive analytics for patient outcomes. In a data science course, students learn how to analyze medical data, such as patient records, genetic information, and diagnostic images. This knowledge empowers them to contribute to innovations that improve global health and save lives.",woman
ID80,"Real-World Problem Solving Through Data Science. A data science course is all about solving real-world problems. Students engage in projects where they apply their learning to tackle challenges faced by businesses and organizations, such as predicting customer behavior, optimizing supply chains, or detecting fraud. This practical experience is invaluable, as it bridges the gap between theory and application, providing students with tangible skills that they can use right away.",woman
ID81,"Data Science and Environmental Sustainability. With climate change and environmental sustainability becoming pressing global issues, data science plays a key role in developing solutions. In a data science course, students explore how to use data to track environmental metrics, predict weather patterns, optimize energy use, and support sustainable agriculture. By applying data science to sustainability, students contribute to solving some of the world’s most important challenges.",woman
ID82,"Understanding Data Science Algorithms. A major component of a data science course is learning about the algorithms that power modern data analysis. Whether it's decision trees, support vector machines, or neural networks, students gain a deep understanding of how these algorithms work and when to apply them. This foundational knowledge enables students to tackle complex problems and choose the best algorithm for a given task.",woman
ID83,"The Impact of Data Science on Financial Markets. Data science has revolutionized the finance industry. In a data science course, students learn to analyze market data, build predictive models, and identify trends that can inform investment strategies. By understanding the intricacies of financial data, students are equipped to make decisions that influence global financial markets and contribute to economic growth.",woman
ID84,"Data Science for Social Good. A data science course empowers students to use data for social good. By analyzing data related to public health, education, poverty, and social justice, students can help create policies and programs that improve lives. The ability to use data to tackle societal challenges is one of the most rewarding aspects of data science.",woman
ID85,"Building a Data Science Portfolio. Throughout a data science course, students create a portfolio of projects that demonstrate their skills to potential employers. These projects can include anything from analyzing e-commerce data to building a recommendation system. A strong portfolio showcases a student’s ability to solve real-world problems and is a valuable asset when applying for data science jobs.",woman
ID86,"Collaborating with Data Science Teams. In many data science courses, students collaborate in teams, learning how to work effectively with others. This teamwork is vital in the professional world, where data science projects often require collaboration across various departments, including marketing, IT, and product development. Students learn how to communicate their findings and work with stakeholders to implement data-driven solutions.",woman
ID87,"Staying Ahead with Data Science Trends. Data science is a dynamic field, and staying up-to-date with the latest trends is crucial. A data science course introduces students to the newest technologies and methodologies, such as artificial intelligence, cloud computing, and advanced analytics tools. By keeping pace with these innovations, students ensure they are always in demand in an evolving job market.",woman
ID88,"Transforming Data into Business Intelligence. A key outcome of a data science course is learning to transform raw data into actionable business intelligence. Students are taught how to use data to provide insights that improve decision-making, streamline operations, and drive profits. Whether it’s through forecasting sales trends or improving customer satisfaction, business intelligence is a game-changer for organizations.",woman
ID89,"The Global Demand for Data Scientists. The demand for data scientists continues to grow across industries. Whether it’s tech, healthcare, or marketing, companies are seeking professionals who can turn data into actionable insights. A data science course provides students with the technical expertise and industry knowledge to meet this demand, ensuring they are well-prepared for a wide range of job opportunities.",woman
ID90,"Understanding the Role of Cloud Computing in Data Science. Cloud computing has become an essential tool for data scientists. In a data science course, students are introduced to cloud platforms like AWS, Google Cloud, and Microsoft Azure, which allow them to store, process, and analyze massive datasets with ease. Understanding how to leverage cloud infrastructure enables students to work with big data and scale their projects more efficiently.",woman
ID91,"Data Science and Cybersecurity. Data science is also critical in the field of cybersecurity. Students learn how to use data analysis techniques to detect security threats, identify vulnerabilities, and prevent attacks. This knowledge is increasingly important as cyber threats become more sophisticated. A data science course gives students the tools to safeguard sensitive information and protect organizations from cyber risks.",woman
ID92,"Optimizing Marketing with Data Science. Marketing has been completely transformed by data science. In a data science course, students learn how to use customer data to personalize marketing campaigns, predict customer behavior, and optimize advertising strategies. These skills are crucial for businesses looking to stay competitive in a market where customer expectations are higher than ever.",woman
ID93,"Understanding Natural Language Processing (NLP). Natural Language Processing (NLP) is a fascinating subfield of data science that allows computers to understand and process human language. In a data science course, students learn to apply NLP techniques to analyze text data, from sentiment analysis to chatbots. This knowledge is essential for students interested in the intersection of data science and linguistics.",woman
ID94,"The Role of Databases in Data Science. A strong understanding of databases is essential for data scientists, and this is emphasized in a data science course. Students learn how to work with SQL and NoSQL databases, which are the foundation for storing and retrieving data. By mastering database management, students ensure they can efficiently access and analyze data for any project.",woman
ID95,"Leveraging Time Series Analysis in Data Science. Time series analysis is an important tool in data science, especially for forecasting and trend analysis. In a data science course, students learn how to work with time-based data, such as stock prices, sales trends, and environmental metrics. This skill is essential for making predictions and identifying patterns that help organizations plan for the future.",woman
ID96,"Data Science for Personal Growth. Beyond career opportunities, a data science course offers significant personal growth. Students develop problem-solving, analytical thinking, and technical skills that can be applied in any aspect of life. The ability to analyze and interpret data fosters a deeper understanding of the world, empowering students to make more informed decisions in both their professional and personal lives.",woman
ID97,"Mastering the Data Science Workflow. In a data science course, students are taught the full data science workflow, from data collection to analysis, modeling, and presentation. Understanding this process allows students to approach data science tasks systematically and efficiently. By mastering the workflow, students are well-equipped to tackle complex data challenges in any industry.",woman
ID98,"Learning Data Science through Kaggle Competitions. Many data science courses encourage students to participate in Kaggle competitions, where they can solve real-world problems and compete against other data scientists. These competitions offer hands-on experience with real datasets and are a great way for students to showcase their skills. Participating in Kaggle challenges also helps students build their portfolios and network with professionals in the field.",woman
ID99,"Data Science: A Career Path with Endless Possibilities. A career in data science offers endless possibilities. From working in healthcare, finance, and technology to tackling global issues like climate change and inequality, data science provides the opportunity to make a meaningful impact. A data science course is the first step toward embarking on this exciting career path, equipping students with the tools and skills they need to succeed in an ever-changing world.",woman
